name,Id,status,limit,used
,1586112110,active,10000,0
,1493118502,active,10000,0
,562007197,active,10000,0
,5306974363,active,10000,0
,173679857,active,10000,0
,6212884307,active,10000,0
,749718075,active,10000,0
,5995612137,active,10000,0
,5231102005,active,10000,0
,6380098888,active,10000,0
,5399435075,active,10000,0
,606264507,active,10000,0
,119831040,active,10000,0
,749718075,active,10000,0
,8056459442,active,10000,0
,7749175850,active,10000,0
,574419275,active,10000,0
,6461115937,active,10000,0
,36771477,active,10000,0
,7549214526,active,10000,0
,215594551,active,10000,0
,6212884307,active,10000,0
,574419275,active,10000,0
,2001497802,active,10000,0
,109929320,active,10000,0
,1400077792,active,10000,0
,8056459442,active,10000,0
,1777647719,active,10000,0
,2080770963,active,10000,0
,810498584,active,10000,0
New_User,1,active,10000,0
New_User,2,pending,10000,0
New_User,3,pending,10000,0
New_User,4,reject,10000,0
